lot_code,line_code,product_code,planned_start_date
LOT-KULL1-001,KUL-L1,CTRL-A100,2026-01-01
LOT-KULL2-001,KUL-L2,CTRL-A100,2026-01-01
LOT-PNGL1-001,PNG-L1,CTRL-A100,2026-01-01
LOT-PNGL2-001,PNG-L2,CTRL-A100,2026-01-01
LOT-KULL1-004,KUL-L1,SENS-B200,2026-01-04
LOT-KULL2-004,KUL-L2,SENS-B200,2026-01-04
LOT-PNGL1-004,PNG-L1,SENS-B200,2026-01-04
LOT-PNGL2-004,PNG-L2,SENS-B200,2026-01-04
LOT-KULL1-007,KUL-L1,GW-C300,2026-01-07
LOT-KULL2-007,KUL-L2,GW-C300,2026-01-07
LOT-PNGL1-007,PNG-L1,GW-C300,2026-01-07
LOT-PNGL2-007,PNG-L2,GW-C300,2026-01-07
LOT-KULL1-010,KUL-L1,CTRL-A100,2026-01-10
LOT-KULL2-010,KUL-L2,CTRL-A100,2026-01-10
LOT-PNGL1-010,PNG-L1,CTRL-A100,2026-01-10
LOT-PNGL2-010,PNG-L2,CTRL-A100,2026-01-10
LOT-KULL1-013,KUL-L1,SENS-B200,2026-01-13
LOT-KULL2-013,KUL-L2,SENS-B200,2026-01-13
LOT-PNGL1-013,PNG-L1,SENS-B200,2026-01-13
LOT-PNGL2-013,PNG-L2,SENS-B200,2026-01-13
LOT-KULL1-016,KUL-L1,GW-C300,2026-01-16
LOT-KULL2-016,KUL-L2,GW-C300,2026-01-16
LOT-PNGL1-016,PNG-L1,GW-C300,2026-01-16
LOT-PNGL2-016,PNG-L2,GW-C300,2026-01-16
LOT-KULL1-019,KUL-L1,CTRL-A100,2026-01-19
LOT-KULL2-019,KUL-L2,CTRL-A100,2026-01-19
LOT-PNGL1-019,PNG-L1,CTRL-A100,2026-01-19
LOT-PNGL2-019,PNG-L2,CTRL-A100,2026-01-19
LOT-KULL1-022,KUL-L1,SENS-B200,2026-01-22
LOT-KULL2-022,KUL-L2,SENS-B200,2026-01-22
LOT-PNGL1-022,PNG-L1,SENS-B200,2026-01-22
LOT-PNGL2-022,PNG-L2,SENS-B200,2026-01-22
LOT-KULL1-025,KUL-L1,GW-C300,2026-01-25
LOT-KULL2-025,KUL-L2,GW-C300,2026-01-25
LOT-PNGL1-025,PNG-L1,GW-C300,2026-01-25
LOT-PNGL2-025,PNG-L2,GW-C300,2026-01-25
LOT-KULL1-028,KUL-L1,CTRL-A100,2026-01-28
LOT-KULL2-028,KUL-L2,CTRL-A100,2026-01-28
LOT-PNGL1-028,PNG-L1,CTRL-A100,2026-01-28
LOT-PNGL2-028,PNG-L2,CTRL-A100,2026-01-28
LOT-KULL1-031,KUL-L1,SENS-B200,2026-01-31
LOT-KULL2-031,KUL-L2,SENS-B200,2026-01-31
LOT-PNGL1-031,PNG-L1,SENS-B200,2026-01-31
LOT-PNGL2-031,PNG-L2,SENS-B200,2026-01-31
LOT-KULL1-034,KUL-L1,GW-C300,2026-02-03
LOT-KULL2-034,KUL-L2,GW-C300,2026-02-03
LOT-PNGL1-034,PNG-L1,GW-C300,2026-02-03
LOT-PNGL2-034,PNG-L2,GW-C300,2026-02-03
LOT-KULL1-037,KUL-L1,CTRL-A100,2026-02-06
LOT-KULL2-037,KUL-L2,CTRL-A100,2026-02-06
LOT-PNGL1-037,PNG-L1,CTRL-A100,2026-02-06
LOT-PNGL2-037,PNG-L2,CTRL-A100,2026-02-06
LOT-KULL1-040,KUL-L1,SENS-B200,2026-02-09
LOT-KULL2-040,KUL-L2,SENS-B200,2026-02-09
LOT-PNGL1-040,PNG-L1,SENS-B200,2026-02-09
LOT-PNGL2-040,PNG-L2,SENS-B200,2026-02-09
LOT-KULL1-043,KUL-L1,GW-C300,2026-02-12
LOT-KULL2-043,KUL-L2,GW-C300,2026-02-12
LOT-PNGL1-043,PNG-L1,GW-C300,2026-02-12
LOT-PNGL2-043,PNG-L2,GW-C300,2026-02-12
LOT-KULL1-046,KUL-L1,CTRL-A100,2026-02-15
LOT-KULL2-046,KUL-L2,CTRL-A100,2026-02-15
LOT-PNGL1-046,PNG-L1,CTRL-A100,2026-02-15
LOT-PNGL2-046,PNG-L2,CTRL-A100,2026-02-15
LOT-KULL1-049,KUL-L1,SENS-B200,2026-02-18
LOT-KULL2-049,KUL-L2,SENS-B200,2026-02-18
LOT-PNGL1-049,PNG-L1,SENS-B200,2026-02-18
LOT-PNGL2-049,PNG-L2,SENS-B200,2026-02-18
LOT-KULL1-052,KUL-L1,GW-C300,2026-02-21
LOT-KULL2-052,KUL-L2,GW-C300,2026-02-21
LOT-PNGL1-052,PNG-L1,GW-C300,2026-02-21
LOT-PNGL2-052,PNG-L2,GW-C300,2026-02-21
LOT-KULL1-055,KUL-L1,CTRL-A100,2026-02-24
LOT-KULL2-055,KUL-L2,CTRL-A100,2026-02-24
LOT-PNGL1-055,PNG-L1,CTRL-A100,2026-02-24
LOT-PNGL2-055,PNG-L2,CTRL-A100,2026-02-24
LOT-KULL1-058,KUL-L1,SENS-B200,2026-02-27
LOT-KULL2-058,KUL-L2,SENS-B200,2026-02-27
LOT-PNGL1-058,PNG-L1,SENS-B200,2026-02-27
LOT-PNGL2-058,PNG-L2,SENS-B200,2026-02-27
LOT-KULL1-061,KUL-L1,GW-C300,2026-03-02
LOT-KULL2-061,KUL-L2,GW-C300,2026-03-02
LOT-PNGL1-061,PNG-L1,GW-C300,2026-03-02
LOT-PNGL2-061,PNG-L2,GW-C300,2026-03-02
LOT-KULL1-064,KUL-L1,CTRL-A100,2026-03-05
LOT-KULL2-064,KUL-L2,CTRL-A100,2026-03-05
LOT-PNGL1-064,PNG-L1,CTRL-A100,2026-03-05
LOT-PNGL2-064,PNG-L2,CTRL-A100,2026-03-05
LOT-KULL1-067,KUL-L1,SENS-B200,2026-03-08
LOT-KULL2-067,KUL-L2,SENS-B200,2026-03-08
LOT-PNGL1-067,PNG-L1,SENS-B200,2026-03-08
LOT-PNGL2-067,PNG-L2,SENS-B200,2026-03-08
LOT-KULL1-070,KUL-L1,GW-C300,2026-03-11
LOT-KULL2-070,KUL-L2,GW-C300,2026-03-11
LOT-PNGL1-070,PNG-L1,GW-C300,2026-03-11
LOT-PNGL2-070,PNG-L2,GW-C300,2026-03-11
LOT-KULL1-073,KUL-L1,CTRL-A100,2026-03-14
LOT-KULL2-073,KUL-L2,CTRL-A100,2026-03-14
LOT-PNGL1-073,PNG-L1,CTRL-A100,2026-03-14
LOT-PNGL2-073,PNG-L2,CTRL-A100,2026-03-14
LOT-KULL1-076,KUL-L1,SENS-B200,2026-03-17
LOT-KULL2-076,KUL-L2,SENS-B200,2026-03-17
LOT-PNGL1-076,PNG-L1,SENS-B200,2026-03-17
LOT-PNGL2-076,PNG-L2,SENS-B200,2026-03-17
LOT-KULL1-079,KUL-L1,GW-C300,2026-03-20
LOT-KULL2-079,KUL-L2,GW-C300,2026-03-20
LOT-PNGL1-079,PNG-L1,GW-C300,2026-03-20
LOT-PNGL2-079,PNG-L2,GW-C300,2026-03-20
LOT-KULL1-082,KUL-L1,CTRL-A100,2026-03-23
LOT-KULL2-082,KUL-L2,CTRL-A100,2026-03-23
LOT-PNGL1-082,PNG-L1,CTRL-A100,2026-03-23
LOT-PNGL2-082,PNG-L2,CTRL-A100,2026-03-23
LOT-KULL1-085,KUL-L1,SENS-B200,2026-03-26
LOT-KULL2-085,KUL-L2,SENS-B200,2026-03-26
LOT-PNGL1-085,PNG-L1,SENS-B200,2026-03-26
LOT-PNGL2-085,PNG-L2,SENS-B200,2026-03-26
LOT-KULL1-088,KUL-L1,GW-C300,2026-03-29
LOT-KULL2-088,KUL-L2,GW-C300,2026-03-29
LOT-PNGL1-088,PNG-L1,GW-C300,2026-03-29
LOT-PNGL2-088,PNG-L2,GW-C300,2026-03-29
